,title,type,imdb_rating,tomato_rating,genres,maturity_rating,time_period,season_num,status,platform,tags,country,description,ps
0,Breaking Bad,tvshow,9.5/10,96%,"['Crime', 'Drama', 'Thriller']",Rated: 18+ (TV-MA),2008 - 2013,5 Seasons,Series Ended,['Netflix'],"['High School', 'Teacher', 'Doctor', 'Drug', 'Gangster']",['America'],"When Walter White, a New Mexico chemistry teacher, is diagnosed with Stage III cancer and given a prognosis of only two years left to live. He becomes filled with a sense of fearlessness and an unrelenting desire to secure his family's financial future at any cost as he enters the dangerous world of drugs and crime.Breaking Bad featuring Bryan Cranston and Aaron Paul has one or more episodes streaming with subscription on Netflix, available for purchase on iTunes, available for purchase on Google Play, and 3 others. It's a crime and drama show with 62 episodes over 5 seasons. Breaking Bad is no longer running and has no plans to air new episodes or seasons. It has a very high Rotten Tomatoes (critics) score of 96% and a very high IMDb audience rating of 9.5 (1,366,001 votes).",All Clear
1,Stranger Things,tvshow,8.8/10,93%,"['Drama', 'Fantasy', 'Horror', 'Mystery', 'Science-Fiction', 'Thriller', 'Action & Adventure']",Rated: 14+ (TV-14),2016 - Present,3 Seasons,Returning: Date TBA,['Netflix'],"['Friendship', 'Monster', 'Space', 'Suspense', 'Supernatural', 'Science']",['America'],"When a young boy vanishes, a small town uncovers a mystery involving secret experiments, terrifying supernatural forces, and one strange little girl.Stranger Things featuring Winona Ryder and David Harbour has one or more episodes streaming with subscription on Netflix. It's an action & adventure and drama show with 25 episodes over 3 seasons. Stranger Things is still airing with no announced date for the next episode or season. It has a very high Rotten Tomatoes (critics) score of 93% and a high IMDb audience rating of 8.8 (747,757 votes).",All Clear
2,Avatar: The Last Airbender,tvshow,9.2/10,100%,"['Action & Adventure', 'Animation', 'Family', 'Fantasy', 'Mystery']",Rated: 7+ (TV-PG),2005 - 2008,3 Seasons,Series Ended,"['Netflix', 'CBS All Access']","['Friendship', 'Martial Arts', 'Magic', 'Religion']",['America'],"In a war-torn world of elemental magic, a young boy reawakens to undertake a dangerous mystic quest to fulfill his destiny as the Avatar, and bring peace to the world.Avatar: The Last Airbender featuring Zach Tyler and Dante Basco has one or more episodes streaming with subscription on Netflix, streaming on CBS All Access, streaming with subscription on Hoopla, and 6 others. It's an action & adventure and animation show with 66 episodes over 3 seasons. Avatar: The Last Airbender is no longer running and has no plans to air new episodes or seasons. It has a very high Rotten Tomatoes (critics) score of 100% and a very high IMDb audience rating of 9.2 (221,849 votes).",All Clear
3,Dark,tvshow,8.8/10,94%,"['Crime', 'Drama', 'Mystery', 'Science-Fiction', 'Thriller', 'Fantasy']",Rated: 14+ (TV-14),2017 - Present,2 Seasons,"Returns: Jun. 27, 2020",['Netflix'],"['Police', 'Time Travel']",['Germany'],"A missing child causes four families to help each other for answers. What they could not imagine is that this mystery would be connected to innumerable other secrets of the small town.Dark featuring Anne Ratte-Polle and Christian Pätzold has one or more episodes streaming with subscription on Netflix. It's a crime and drama show with 18 episodes over 2 seasons. Dark has a new episode airing on June 26th, 2020 (PDT). It has a very high Rotten Tomatoes (critics) score of 94% and a high IMDb audience rating of 8.8 (192,030 votes).",All Clear
4,Sherlock,tvshow,9.1/10,78%,"['Action & Adventure', 'Crime', 'Drama', 'Mystery', 'Thriller']",Rated: 14+ (TV-14),2010 - 2017,4 Seasons,"Returns: Jan. 1, 2021",['Netflix'],"['Based on Books', 'Serial Killer', 'Adaptation']",['United Kingdom'],"A modern update finds the famous sleuth and his doctor partner solving crime in 21st century London.Sherlock featuring Benedict Cumberbatch and Martin Freeman has one or more episodes streaming with subscription on Netflix, available for purchase on iTunes, available for purchase on Google Play, and 3 others. It's an action & adventure and crime show with 13 episodes over 4 seasons. Sherlock is no longer running and has no plans to air new episodes or seasons. It has a high Rotten Tomatoes (critics) score of 78% and a very high IMDb audience rating of 9.1 (767,449 votes).",All Clear
5,Money Heist,tvshow,8.4/10,93%,"['Thriller', 'Action & Adventure', 'Crime', 'Mystery', 'Drama']",Rated: 18+ (TV-MA),2017 - Present,2 Seasons,Returning: Date TBA,['Netflix'],['Mature'],['Spain'],"To carry out the biggest heist in history, a mysterious man called The Professor recruits a band of eight robbers who have a single characteristic: none of them has anything to lose. Five months of seclusion - memorizing every step, every detail, every probability - culminate in eleven days locked up in the National Coinage and Stamp Factory of Spain, surrounded by police forces and with dozens of hostages in their power, to find out whether their suicide wager will lead to everything or nothing.Money Heist featuring Úrsula Corberó and Álvaro Morte has one or more episodes streaming with subscription on Netflix. It's an action & adventure and crime show with 38 episodes over 2 seasons. Money Heist is still airing with no announced date for the next episode or season. It has a very high Rotten Tomatoes (critics) score of 93% and a high IMDb audience rating of 8.4 (253,825 votes).",All Clear
6,Supernatural,tvshow,8.4/10,93%,"['Drama', 'Fantasy', 'Horror', 'Mystery', 'Science-Fiction', 'Thriller']",Rated: 14+ (TV-14),2005 - Present,15 Seasons,Returning: Date TBA,"['Free Services', 'Netflix', 'TNT', 'Free Services', 'Netflix', 'TNT', 'fuboTV']","['Monster', 'Time Travel', 'Vampire', 'Supernatural', 'Ghost']",['America'],"When they were boys, Sam and Dean Winchester lost their mother to a mysterious and demonic supernatural force. Subsequently, their father raised them to be soldiers. He taught them about the paranormal evil that lives in the dark corners and on the back roads of America ... and he taught them how to kill it. Now, the Winchester brothers crisscross the country in their '67 Chevy Impala, battling every kind of supernatural threat they encounter along the way.Supernatural featuring Jensen Ackles and Jared Padalecki has one or more episodes streaming with subscription on Netflix, streaming via tv everywhere with TNT, free on The CW, and 6 others. It's a drama and fantasy show with 323 episodes over 15 seasons. Supernatural is still airing with no announced date for the next episode or season. It has a very high Rotten Tomatoes (critics) score of 93% and a high IMDb audience rating of 8.4 (375,025 votes).",All Clear
7,The Office,tvshow,,,,,,,,,,,"The everyday lives of office employees in the Scranton, Pennsylvania branch of the fictional Dunder Mifflin Paper Company.The Office featuring Steve Carell and Rainn Wilson has one or more episodes streaming with subscription on Netflix, streaming via tv everywhere with Comedy Central (Via Cable/Satellite Provider), streaming with subscription on fuboTV, and 3 others. It's a comedy show with 224 episodes over 9 seasons. The Office is no longer running and has no plans to air new episodes or seasons. It has a high Rotten Tomatoes (critics) score of 81% and a high IMDb audience rating of 8.9 (364,919 votes).","['8.9/10', '81%', 'Comedy\xa0', 'Rated: 14+ (TV-14)', '2005 - 2013', '9 Seasons', 'Series Ended', 'On: Netflix\xa0Comedy Central\xa0fuboTV\xa0']"
8,Attack on Titan,tvshow,8.8/10,94%,"['Action & Adventure', 'Anime', 'Animation', 'Drama', 'Fantasy', 'Horror', 'Mystery', 'Science-Fiction']",Rated: 14+ (TV-14),2013 - Present,3 Seasons,"Returns: Oct. 7, 2020","['Free Services', 'Netflix', 'Hulu', 'Free Services', 'Netflix', 'Hulu', 'Crunchyroll', 'Adult Swim', 'fuboTV', 'Funimation']","['Dystopia', 'Monster', 'Disaster', 'Supernatural', 'Adaptation', 'Political']",['Japan'],"Several hundred years ago, humans were nearly exterminated by Titans. Titans are typically several stories tall, seem to have no intelligence, devour human beings and, worst of all, seem to do it for the pleasure rather than as a food source. A small percentage of humanity survived by walling themselves in a city protected by extremely high walls, even taller than the biggest Titans. Flash forward to the present and the city has not seen a Titan in over 100 years. Teenage boy Eren and his foster sister Mikasa witness something horrific as the city walls are destroyed by a Colossal Titan that appears out of thin air. As the smaller Titans flood the city, the two kids watch in horror as their mother is eaten alive. Eren vows that he will murder every single Titan and take revenge for all of mankind.Attack on Titan featuring Yuki Kaji and Yui Ishikawa has one or more episodes streaming with subscription on Netflix, streaming with subscription on Hulu, streaming with subscription on Crunchyroll, and 11 others. It's an action & adventure and animation show with 60 episodes over 3 seasons. Attack on Titan has a new episode airing on October 6th, 2020 (PDT). It has a very high Rotten Tomatoes (critics) score of 94% and a high IMDb audience rating of 8.8 (142,221 votes).",All Clear
9,Better Call Saul,tvshow,,,,,,,,,,,"Six years before Saul Goodman meets Walter White. We meet him when the man who will become Saul Goodman is known as Jimmy McGill, a small-time lawyer searching for his destiny, and, more immediately, hustling to make ends meet. Working alongside, and, often, against Jimmy, is “fixer” Mike Ehrmantraut. The series tracks Jimmy’s transformation into Saul Goodman, the man who puts “criminal” in “criminal lawyer"".Better Call Saul featuring Bob Odenkirk and Jonathan Banks has one or more episodes streaming with subscription on Netflix, available for purchase on iTunes, available for purchase on Google Play, and 3 others. It's a comedy and crime show with 50 episodes over 5 seasons. Better Call Saul is still airing with no announced date for the next episode or season. It has a very high Rotten Tomatoes (critics) score of 97% and a high IMDb audience rating of 8.7 (296,992 votes).","['8.7/10', '97%', 'Comedy\xa0Crime\xa0...More GenresComedyCrimeDrama', 'Rated: 18+ (TV-MA)', '2015 - Present', '5 Seasons', 'Returning: Date TBA', 'On: Netflix\xa0']"
10,Black Mirror,tvshow,8.8/10,83%,"['Drama', 'Science-Fiction', 'Fantasy', 'Thriller', 'Mystery']",Rated: 18+ (TV-MA),2011 - Present,5 Seasons,Returning: Date TBA,['Netflix'],"['Dystopia', 'Space', 'Technology']",['United Kingdom'],"A contemporary British re-working of The Twilight Zone with stories that tap into the collective unease about our modern world. Over the last ten years, technology has transformed almost every aspect of our lives before we've had time to stop and question it. In every home; on every desk; in every palm - a plasma screen; a monitor; a smartphone - a black mirror of our 21st Century existence.Black Mirror has one or more episodes streaming with subscription on Netflix, and available for purchase on iTunes. It's a drama and fantasy show with 22 episodes over 5 seasons. Black Mirror is still airing with no announced date for the next episode or season. It has a high Rotten Tomatoes (critics) score of 83% and a high IMDb audience rating of 8.8 (406,647 votes).",All Clear
11,Peaky Blinders,tvshow,8.8/10,92%,"['Crime', 'Drama']",Rated: 18+ (TV-MA),2013 - Present,5 Seasons,Returning: Date TBA,['Netflix'],"['War', 'Racing', 'Drug', 'Gangster', 'World War II']",['United Kingdom'],"A gangster family epic set in 1919 Birmingham, England and centered on a gang who sew razor blades in the peaks of their caps, and their fierce boss Tommy Shelby, who means to move up in the world.Peaky Blinders featuring Cillian Murphy and Paul Anderson has one or more episodes streaming with subscription on Netflix, available for purchase on iTunes, available for purchase on Google Play, and 5 others. It's a crime and drama show with 30 episodes over 5 seasons. Peaky Blinders is still airing with no announced date for the next episode or season. It has a very high Rotten Tomatoes (critics) score of 92% and a high IMDb audience rating of 8.8 (295,348 votes).",All Clear
12,The Walking Dead,tvshow,8.2/10,81%,"['Drama', 'Horror', 'Thriller', 'Action & Adventure', 'Fantasy', 'Science-Fiction']",Rated: 18+ (TV-MA),2010 - Present,10 Seasons,Returning: Date TBA,"['Netflix', 'fuboTV', 'AMC Premiere']","['Dystopia', 'Apocalypse', 'Comic Book', 'Zombie', 'Survival', 'Adaptation']",['America'],"Sheriff's deputy Rick Grimes awakens from a coma to find a post-apocalyptic world dominated by flesh-eating zombies. He sets out to find his family and encounters many other survivors along the way.The Walking Dead featuring Norman Reedus and Danai Gurira has one or more episodes streaming with subscription on Netflix, streaming with subscription on fuboTV, streaming with subscription on AMC Premiere, and 5 others. It's an action & adventure and drama show with 146 episodes over 10 seasons. The Walking Dead is still airing with no announced date for the next episode or season. It has a high Rotten Tomatoes (critics) score of 81% and a high IMDb audience rating of 8.2 (828,366 votes).",All Clear
13,Narcos,tvshow,8.8/10,89%,"['Crime', 'Drama', 'Biography', 'Thriller', 'Action & Adventure']",Rated: 18+ (TV-MA),2015 - 2017,3 Seasons,Series Ended,['Netflix'],"['Drug', 'Gangster', 'Based On True Story']",['America'],"A gritty chronicle of the war against Colombia's infamously violent and powerful drug cartels.Narcos featuring Pedro Pascal and Matias Varela has one or more episodes streaming with subscription on Netflix. It's an action & adventure and biography show with 30 episodes over 3 seasons. Narcos is no longer running and has no plans to air new episodes or seasons. It has a high Rotten Tomatoes (critics) score of 89% and a high IMDb audience rating of 8.8 (334,704 votes).",All Clear
14,Community,tvshow,8.5/10,88%,['Comedy'],Rated: 7+ (TV-PG),2009 - 2015,6 Seasons,Series Ended,"['Free Services', 'Netflix', 'Hulu']","['Friendship', 'College', 'Zombie', 'Parody']",['America'],"Follow the lives of a group of students at what is possibly the world’s worst community college in the fictional locale of Greendale, Colorado.Community featuring Alison Brie and Joel McHale has one or more episodes streaming with subscription on Netflix, streaming with subscription on Hulu, free on Sony Crackle, and 5 others. It's a comedy show with 112 episodes over 6 seasons. Community is no longer running and has no plans to air new episodes or seasons. It has a high Rotten Tomatoes (critics) score of 88% and a high IMDb audience rating of 8.5 (197,880 votes).",All Clear
15,Mindhunter,tvshow,8.6/10,96%,"['Crime', 'Drama', 'Thriller']",Rated: 18+ (TV-MA),2017 - Present,2 Seasons,Returning: Date TBA,['Netflix'],"['Police', 'Suspense', 'Serial Killer', 'Psychology', 'Based On True Story']",['America'],"An agent in the FBI's Elite Serial Crime Unit develops profiling techniques as he pursues notorious serial killers and rapists.Mindhunter featuring Jonathan Groff and Holt McCallany has one or more episodes streaming with subscription on Netflix. It's a crime and drama show with 19 episodes over 2 seasons. Mindhunter is still airing with no announced date for the next episode or season. It has a very high Rotten Tomatoes (critics) score of 96% and a high IMDb audience rating of 8.6 (192,141 votes).",All Clear
16,Marvel's Daredevil,tvshow,8.6/10,92%,"['Action & Adventure', 'Crime', 'Drama', 'Fantasy', 'Science-Fiction', 'Thriller', 'Mystery']",Rated: 18+ (TV-MA),2015 - 2018,3 Seasons,Series Ended,['Netflix'],"['Supernatural', 'Superhero', 'Comic Book', 'Disney', 'Adaptation']",['America'],"Lawyer-by-day Matt Murdock uses his heightened senses from being blinded as a young boy to fight crime at night on the streets of Hell’s Kitchen as Daredevil.Marvel's Daredevil featuring Charlie Cox and Deborah Ann Woll has one or more episodes streaming with subscription on Netflix, available for purchase on iTunes, available for purchase on Google Play, and 4 others. It's an action & adventure and crime show with 39 episodes over 3 seasons. Marvel's Daredevil is no longer running and has no plans to air new episodes or seasons. It has a very high Rotten Tomatoes (critics) score of 92% and a high IMDb audience rating of 8.6 (350,090 votes).",All Clear
17,Dexter,tvshow,8.6/10,72%,"['Crime', 'Drama', 'Mystery', 'Thriller']",Rated: 18+ (TV-MA),2006 - 2013,8 Seasons,Series Ended,"['Netflix', 'Showtime', 'fuboTV']","['Based on Books', 'Serial Killer', 'Adaptation']",['America'],"Dexter Morgan, a blood spatter pattern analyst for the Miami Metro Police also leads a secret life as a serial killer, hunting down criminals who have slipped through the cracks of justice.Dexter featuring Michael C. Hall and Jennifer Carpenter has one or more episodes streaming with subscription on Netflix, streaming on Showtime, streaming with subscription on fuboTV, and 6 others. It's a crime and drama show with 96 episodes over 8 seasons. Dexter is no longer running and has no plans to air new episodes or seasons. It has a better than average Rotten Tomatoes (critics) score of 72% and a high IMDb audience rating of 8.6 (625,031 votes).",All Clear
18,Ozark,tvshow,8.4/10,81%,"['Crime', 'Drama', 'Thriller', 'Mystery']",Rated: 18+ (TV-MA),2017 - Present,3 Seasons,Returning: Date TBA,['Netflix'],"['Drug', 'Gangster']",['America'],"A financial adviser drags his family from Chicago to the Missouri Ozarks, where he must launder $500 million in five years to appease a drug boss.Ozark featuring Jason Bateman and Laura Linney has one or more episodes streaming with subscription on Netflix. It's a crime and drama show with 30 episodes over 3 seasons. Ozark is still airing with no announced date for the next episode or season. It has a high Rotten Tomatoes (critics) score of 81% and a high IMDb audience rating of 8.4 (159,489 votes).",All Clear
19,Fullmetal Alchemist: Brotherhood,tvshow,9.1/10,100%,"['Action & Adventure', 'Anime', 'Animation', 'Drama', 'Fantasy', 'Comedy', 'Science-Fiction', 'Mystery']",Rated: 18+ (TV-MA),2009 - 2010,1 Season,Series Ended,"['Free Services', 'Netflix', 'HBO MAX', 'Free Services', 'Netflix', 'HBO MAX', 'Hulu', 'Funimation']","['Supernatural', 'Science', 'Adaptation', 'Political']",['Japan'],"Edward and Alphonse Elric's reckless disregard for alchemy's fun­damental laws ripped half of Ed's limbs from his body and left Al's soul clinging to a cold suit of armor. To restore what was lost, the brothers scour a war-torn land for the Philosopher's Sto­ne, a fabled relic which grants the ability to perform alchemy in impossible ways. The Elrics are not alone in their search; the corrupt State Military is also eager to harness the artifact's power. So too are the strange Homunculi and their shadowy creator. The mythical gem lures exotic alchemists from distant kingdoms, scarring some deeply enough to inspire murder. As the Elrics find their course altered by these enemies and allies, their purpose remains unchanged – and their bond unbreakable.Fullmetal Alchemist: Brotherhood featuring Romi Park and Rie Kugimiya has one or more episodes streaming with subscription on Netflix, streaming with subscription on HBO MAX, streaming with subscription on Hulu, and 2 others. It's an action & adventure and animation show with 64 episodes over 1 season. Fullmetal Alchemist: Brotherhood is no longer running and has no plans to air new episodes or seasons. It has a very high Rotten Tomatoes (critics) score of 100% and a very high IMDb audience rating of 9.1 (106,218 votes).",All Clear
20,Parks and Recreation,tvshow,8.6/10,93%,['Comedy'],Rated: 14+ (TV-14),2009 - 2015,7 Seasons,Series Ended,"['Netflix', 'Prime Video', 'Hulu', 'Netflix', 'Prime Video', 'Hulu', 'NBC', 'Comedy Central', 'fuboTV']",['Political'],['America'],"Hilarious ensemble comedy that follows Leslie Knope, a mid-level bureaucrat in the Parks and Recreation Department of Pawnee, Indiana, and her tireless efforts to make her quintessentially American town just a little bit more fun.Parks and Recreation featuring Amy Poehler and Rashida Jones has one or more episodes streaming with subscription on Netflix, streaming with subscription on Prime Video, streaming with subscription on Hulu, and 8 others. It's a comedy show with 127 episodes over 7 seasons. Parks and Recreation is no longer running and has no plans to air new episodes or seasons. It has a very high Rotten Tomatoes (critics) score of 93% and a high IMDb audience rating of 8.6 (198,819 votes).",All Clear
21,Mad Men,tvshow,,,,,,,,,,,"Mad Men is set in the 1960s, initially at the fictional Sterling Cooper advertising agency on Madison Avenue in New York City, and later at the newly created firm, Sterling Cooper Draper Pryce, located nearby in the Time-Life Building, at 1271 Avenue of the Americas. According to the show's pilot, the phrase ""mad men"" was a slang term coined in the 1950s by advertisers working on Madison Avenue to refer to themselves. The focal point of the series is Don Draper, creative director at Sterling Cooper and a founding partner at Sterling Cooper Draper Pryce, and the people in his life, both in and out of the office. The plot focuses on the business of the agencies as well as the personal lives of the characters, regularly depicting the changing moods and social mores of the United States in the 1960s.Mad Men featuring Jon Hamm and Elisabeth Moss has one or more episodes streaming with subscription on Netflix, available for purchase on iTunes, available for purchase on Google Play, and 2 others. It's a drama show with 94 episodes over 7 seasons. Mad Men is no longer running and has no plans to air new episodes or seasons. It has a very high Rotten Tomatoes (critics) score of 94% and a high IMDb audience rating of 8.6 (197,320 votes).","['8.6/10', '94%', 'Drama\xa0', 'Rated: 14+ (TV-14)', '2007 - 2015', '7 Seasons', 'Series Ended', 'On: Netflix\xa0']"
22,Twin Peaks,tvshow,8.8/10,89%,"['Drama', 'Horror', 'Mystery', 'Crime', 'Thriller', 'Fantasy', 'Romance']",Rated: 18+ (TV-MA),1990 - 2017,3 Seasons,Series Ended,"['Netflix', 'Showtime', 'Hulu', 'Netflix', 'Showtime', 'Hulu', 'CBS All Access']","['Police', 'Supernatural', 'Ghost', 'Serial Killer', 'Teen']",['America'],"The body of Laura Palmer is washed up on a beach near the small Washington state town of Twin Peaks. FBI Special Agent Dale Cooper is called in to investigate her strange demise only to uncover a web of mystery that ultimately leads him deep into the heart of the surrounding woodland and his very own soul.Twin Peaks featuring Kyle MacLachlan and Alicia Witt has one or more episodes streaming with subscription on Netflix, streaming with subscription on Showtime (Via Prime Video), streaming with subscription on Hulu, and 6 others. It's a crime and drama show with 48 episodes over 3 seasons. Twin Peaks is no longer running and has no plans to air new episodes or seasons. It has a high Rotten Tomatoes (critics) score of 89% and a high IMDb audience rating of 8.8 (167,017 votes).",All Clear
23,One-Punch Man,tvshow,8.8/10,100%,"['Animation', 'Anime', 'Action & Adventure', 'Comedy', 'Fantasy', 'Science-Fiction']",Rated: 14+ (TV-14),2015 - Present,2 Seasons,Returning: Date TBA,"['Free Services', 'Netflix', 'Hulu', 'Free Services', 'Netflix', 'Hulu', 'Adult Swim', 'fuboTV']","['Alien', 'Monster', 'Martial Arts', 'Supernatural', 'Superhero', 'Parody', 'Fighting', 'Adaptation', 'Sports', 'Political']",['Japan'],"Saitama is a hero who only became a hero for fun. After three years of “special” training, though, he’s become so strong that he’s practically invincible. In fact, he’s too strong—even his mightiest opponents are taken out with a single punch, and it turns out that being devastatingly powerful is actually kind of a bore. With his passion for being a hero lost along with his hair, yet still faced with new enemies every day, how much longer can he keep it going?One-Punch Man featuring Makoto Furukawa and Kaito Ishikawa has one or more episodes streaming with subscription on Netflix, streaming with subscription on Hulu, streaming via tv everywhere with Adult Swim (Via Cable/Satellite Provider), and 8 others. It's an action & adventure and animation show with 25 episodes over 2 seasons. One-Punch Man is still airing with no announced date for the next episode or season. It has a very high Rotten Tomatoes (critics) score of 100% and a high IMDb audience rating of 8.8 (103,661 votes).",All Clear
24,The 100,tvshow,7.7/10,93%,"['Drama', 'Science-Fiction', 'Action & Adventure', 'Mystery', 'Fantasy', 'Thriller']",Rated: 14+ (TV-14),2014 - Present,7 Seasons,"Returns: Jul. 2, 2020","['Free Services', 'Netflix', 'fuboTV']","['Based on Books', 'Dystopia', 'Apocalypse', 'Space', 'Disaster', 'Survival', 'Adaptation', 'Teen']",['America'],"100 years in the future, when the Earth has been abandoned due to radioactivity, the last surviving humans live on an ark orbiting the planet — but the ark won't last forever. So the repressive regime picks 100 expendable juvenile delinquents to send down to Earth to see if the planet is still habitable.The 100 featuring Eliza Taylor and Bob Morley has one or more episodes streaming with subscription on Netflix, free on The CW, streaming with subscription on fuboTV, and 5 others. It's an action & adventure and drama show with 91 episodes over 7 seasons. The 100 has a new episode airing on July 1st, 2020 (PDT). It has a very high Rotten Tomatoes (critics) score of 93% and a high IMDb audience rating of 7.7 (196,709 votes).",All Clear
25,The Witcher,tvshow,8.3/10,67%,"['Drama', 'Action & Adventure', 'Fantasy', 'Horror', 'Mystery']",Rated: 18+ (TV-MA),2019 - Present,1 Season,Returning: Date TBA,['Netflix'],"['Based on Books', 'Monster', 'Magic', 'Supernatural', 'Science', 'Adaptation']",['America'],"Geralt of Rivia, a mutated monster-hunter for hire, journeys toward his destiny in a turbulent world where people often prove more wicked than beasts.The Witcher featuring Henry Cavill and Freya Allan has one or more episodes streaming with subscription on Netflix. It's an action & adventure and drama show with 8 episodes over 1 season. The Witcher is still airing with no announced date for the next episode or season. It has a better than average Rotten Tomatoes (critics) score of 67% and a high IMDb audience rating of 8.3 (258,425 votes).",All Clear
26,The Good Place,tvshow,8.2/10,97%,"['Comedy', 'Drama', 'Fantasy', 'Romance', 'Science-Fiction']",Rated: 14+ (TV-14),2016 - 2020,4 Seasons,Series Ended,"['Free Services', 'Netflix', 'Hulu', 'Free Services', 'Netflix', 'Hulu', 'NBC', 'fuboTV']",['Religion'],['America'],"Eleanor Shellstrop, an ordinary woman who, through an extraordinary string of events, enters the afterlife where she comes to realize that she hasn't been a very good person. With the help of her wise afterlife mentor, she's determined to shed her old way of living and discover the awesome (or at least the pretty good) person within.The Good Place featuring Kristen Bell and Ted Danson has one or more episodes streaming with subscription on Netflix, streaming with subscription on Hulu, streaming via tv everywhere with NBC (Via Cable/Satellite Provider), and 7 others. It's a comedy and drama show with 53 episodes over 4 seasons. The Good Place is no longer running and has no plans to air new episodes or seasons. It has a very high Rotten Tomatoes (critics) score of 97% and a high IMDb audience rating of 8.2 (97,581 votes).",All Clear
27,Outlander,tvshow,8.4/10,91%,"['Drama', 'Fantasy', 'Science-Fiction', 'Romance', 'History', 'Comedy', 'Animation', 'Action & Adventure']",Rated: 18+ (TV-MA),2014 - Present,5 Seasons,Returning: Date TBA,"['Netflix', 'Starz']","['Based on Books', 'Time Travel', 'Magic', 'Adaptation', 'Political']",['America'],"The story of Claire Randall, a married combat nurse from 1945 who is mysteriously swept back in time to 1743, where she is immediately thrown into an unknown world where her life is threatened. When she is forced to marry Jamie, a chivalrous and romantic young Scottish warrior, a passionate affair is ignited that tears Claire's heart between two vastly different men in two irreconcilable lives.Outlander featuring Caitriona Balfe and Sam Heughan has one or more episodes streaming with subscription on Netflix, streaming on Starz, available for purchase on iTunes, and 3 others. It's an action & adventure and animation show with 69 episodes over 5 seasons. Outlander is still airing with no announced date for the next episode or season. It has a very high Rotten Tomatoes (critics) score of 91% and a high IMDb audience rating of 8.4 (112,804 votes).",All Clear
28,House of Cards,tvshow,8.7/10,77%,"['Drama', 'Sport', 'Crime']",Rated: 18+ (TV-MA),2013 - 2018,6 Seasons,Series Ended,['Netflix'],"['Revenge', 'Political']",['America'],"Set in present day Washington, D.C., House of Cards is the story of Frank Underwood, a ruthless and cunning politician, and his wife Claire who will stop at nothing to conquer everything. This wicked political drama penetrates the shadowy world of greed, sex and corruption in modern D.C.House of Cards featuring Robin Wright and Michael Kelly has one or more episodes streaming with subscription on Netflix, available for purchase on iTunes, available for purchase on Google Play, and 4 others. It's a crime and drama show with 73 episodes over 6 seasons. House of Cards is no longer running and has no plans to air new episodes or seasons. It has a high Rotten Tomatoes (critics) score of 77% and a high IMDb audience rating of 8.7 (452,887 votes).",All Clear
29,When They See Us,tvshow,8.9/10,96%,"['Thriller', 'Biography', 'Drama', 'History']",Rated: 18+ (TV-MA),2019 - 2019,1 Season,Series Ended,['Netflix'],"['New York', 'Adaptation', 'Based On True Story']",['America'],"Five teens from Harlem become trapped in a nightmare when they're falsely accused of a brutal attack in Central Park.When They See Us featuring Jharrel Jerome and Ethan Herisse has one or more episodes streaming with subscription on Netflix. It's a biography and drama show with 4 episodes over 1 season. When They See Us is no longer running and has no plans to air new episodes or seasons. It has a very high Rotten Tomatoes (critics) score of 96% and a high IMDb audience rating of 8.9 (77,124 votes).",All Clear
30,The Haunting,tvshow,8.7/10,93%,"['Horror', 'Drama', 'Mystery', 'Thriller']",Rated: 18+ (TV-MA),2018 - Present,1 Season,Returning: Date TBA,['Netflix'],"['Based on Books', 'Suspense', 'Supernatural', 'Ghost', 'Adaptation']",['America'],"The Crains, a fractured family, confront haunting memories of their old home and the terrifying events that drove them from it.The Haunting featuring Michiel Huisman and Elizabeth Reaser has one or more episodes streaming with subscription on Netflix, available for purchase on Google Play, available for purchase on Prime Video, and 2 others. It's a drama and horror show with 10 episodes over 1 season. The Haunting is still airing with no announced date for the next episode or season. It has a very high Rotten Tomatoes (critics) score of 93% and a high IMDb audience rating of 8.7 (148,438 votes).",All Clear
31,Marvel's Agents of S.H.I.E.L.D.,tvshow,7.5/10,95%,"['Action & Adventure', 'Drama', 'Fantasy', 'Science-Fiction', 'Thriller']",Rated: 14+ (TV-14),2013 - Present,7 Seasons,"Returns: Jul. 1, 2020","['Free Services', 'Netflix', 'Hulu', 'Free Services', 'Netflix', 'Hulu', 'ABC']","['Supernatural', 'Superhero', 'Comic Book', 'Disney', 'Adaptation']",['America'],"Agent Phil Coulson of S.H.I.E.L.D. (Strategic Homeland Intervention, Enforcement and Logistics Division) puts together a team of agents to investigate the new, the strange and the unknown around the globe, protecting the ordinary from the extraordinary.Marvel's Agents of S.H.I.E.L.D. featuring Clark Gregg and Ming-Na Wen has one or more episodes streaming with subscription on Netflix, streaming with subscription on Hulu, streaming via tv everywhere with ABC (Via Cable/Satellite Provider), and 6 others. It's an action & adventure and drama show with 128 episodes over 7 seasons. Marvel's Agents of S.H.I.E.L.D. has a new episode airing on June 30th, 2020 (PDT). It has a very high Rotten Tomatoes (critics) score of 95% and a better than average IMDb audience rating of 7.5 (191,503 votes).",All Clear
32,Shameless,tvshow,8.6/10,85%,"['Comedy', 'Drama']",Rated: 18+ (TV-MA),2011 - Present,10 Seasons,Returning: Date TBA,"['Netflix', 'Showtime', 'fuboTV']",['Drug'],['America'],"Chicagoan Frank Gallagher is the proud single dad of six smart, industrious, independent kids, who without him would be... perhaps better off. When Frank's not at the bar spending what little money they have, he's passed out on the floor. But the kids have found ways to grow up in spite of him. They may not be like any family you know, but they make no apologies for being exactly who they are.Shameless featuring William H. Macy and Jeremy Allen White has one or more episodes streaming with subscription on Netflix, streaming on Showtime, streaming with subscription on fuboTV, and 6 others. It's a comedy and drama show with 122 episodes over 10 seasons. Shameless is still airing with no announced date for the next episode or season. It has a high Rotten Tomatoes (critics) score of 85% and a high IMDb audience rating of 8.6 (190,723 votes).",All Clear
33,Lucifer,tvshow,8.2/10,87%,"['Fantasy', 'Crime', 'Science-Fiction', 'Drama', 'Comedy']",Rated: 14+ (TV-14),2016 - Present,4 Seasons,"Returns: Aug. 21, 2020",['Netflix'],"['Police', 'Supernatural', 'Superhero', 'Comic Book', 'Religion', 'Adaptation']",['America'],"Bored and unhappy as the Lord of Hell, Lucifer Morningstar abandoned his throne and retired to Los Angeles, where he has teamed up with LAPD detective Chloe Decker to take down criminals. But the longer he's away from the underworld, the greater the threat that the worst of humanity could escape.Lucifer featuring Tom Ellis and Lauren German has one or more episodes streaming with subscription on Netflix, available for purchase on iTunes, available for purchase on Google Play, and 4 others. It's a comedy and crime show with 67 episodes over 4 seasons. Lucifer has a new episode airing on August 21st, 2020 (PDT). It has a high Rotten Tomatoes (critics) score of 87% and a high IMDb audience rating of 8.2 (196,955 votes).",All Clear
34,The Last Kingdom,tvshow,8.4/10,91%,"['Action & Adventure', 'History', 'Romance', 'Drama']",Rated: 18+ (TV-MA),2015 - Present,4 Seasons,Returning: Date TBA,['Netflix'],"['Royalty', 'Political']",['United Kingdom'],"A show of heroic deeds and epic battles with a thematic depth that embraces politics, religion, warfare, courage, love, loyalty and our universal search for identity. Combining real historical figures and events with fictional characters, it is the story of how a people combined their strength under one of the most iconic kings of history in order to reclaim their land for themselves and build a place they call home.The Last Kingdom featuring Alexander Dreymon and Emily Cox has one or more episodes streaming with subscription on Netflix, available for purchase on iTunes, available for purchase on Google Play, and 3 others. It's an action & adventure and drama show with 40 episodes over 4 seasons. The Last Kingdom is still airing with no announced date for the next episode or season. It has a very high Rotten Tomatoes (critics) score of 91% and a high IMDb audience rating of 8.4 (72,484 votes).",All Clear
35,The Flash,tvshow,7.7/10,89%,"['Drama', 'Action & Adventure', 'Fantasy', 'Science-Fiction', 'Crime']",Rated: 7+ (TV-PG),2014 - Present,6 Seasons,Returning: Date TBA,"['Free Services', 'Netflix']","['Time Travel', 'Supernatural', 'Superhero', 'Comic Book', 'Adaptation']",['America'],"After a particle accelerator causes a freak storm, CSI Investigator Barry Allen is struck by lightning and falls into a coma. Months later he awakens with the power of super speed, granting him the ability to move through Central City like an unseen guardian angel. Though initially excited by his newfound powers, Barry is shocked to discover he is not the only ""meta-human"" who was created in the wake of the accelerator explosion -- and not everyone is using their new powers for good. Barry partners with S.T.A.R. Labs and dedicates his life to protect the innocent. For now, only a few close friends and associates know that Barry is literally the fastest man alive, but it won't be long before the world learns what Barry Allen has become...The Flash.The Flash featuring Grant Gustin and Candice Patton has one or more episodes streaming with subscription on Netflix, free on The CW, available for purchase on iTunes, and 5 others. It's an action & adventure and crime show with 134 episodes over 6 seasons. The Flash is still airing with no announced date for the next episode or season. It has a high Rotten Tomatoes (critics) score of 89% and a high IMDb audience rating of 7.7 (297,517 votes).",All Clear
36,Grey's Anatomy,tvshow,7.6/10,83%,"['Drama', 'Romance']",Rated: 14+ (TV-14),2005 - Present,16 Seasons,Returning: Date TBA,"['Free Services', 'Netflix', 'Hulu']","['Doctor', 'Psychology', 'Disney']",['America'],"Follows the personal and professional lives of a group of doctors at Seattle’s Grey Sloan Memorial Hospital.Grey's Anatomy featuring Ellen Pompeo and Justin Chambers has one or more episodes streaming with subscription on Netflix, streaming with subscription on Hulu, free on ABC, and 4 others. It's a drama and romance show with 365 episodes over 16 seasons. Grey's Anatomy is still airing with no announced date for the next episode or season. It has a high Rotten Tomatoes (critics) score of 83% and a high IMDb audience rating of 7.6 (235,119 votes).",All Clear
37,The Blacklist,tvshow,,,,,,,,,,,"Raymond ""Red"" Reddington, one of the FBI's most wanted fugitives, surrenders in person at FBI Headquarters in Washington, D.C. He claims that he and the FBI have the same interests: bringing down dangerous criminals and terrorists. In the last two decades, he's made a list of criminals and terrorists that matter the most but the FBI cannot find because it does not know they exist. Reddington calls this ""The Blacklist"". Reddington will co-operate, but insists that he will speak only to Elizabeth Keen, a rookie FBI profiler.The Blacklist featuring James Spader and Megan Boone has one or more episodes streaming with subscription on Netflix, free on NBC, streaming with subscription on fuboTV, and 5 others. It's an action & adventure and crime show with 152 episodes over 7 seasons. The Blacklist is still airing with no announced date for the next episode or season. It has a very high Rotten Tomatoes (critics) score of 91% and a high IMDb audience rating of 8.0 (182,508 votes).","['8/10', '91%', 'Action & Adventure\xa0Thriller\xa0...More GenresAction & AdventureThrillerCrimeDramaMystery', 'Rated: 14+ (TV-14)', '2013 - Present', '7 Seasons', 'Returning: Date TBA', 'On: Free Services\xa0Netflix\xa0fuboTV\xa0']"
38,Orange Is the New Black,tvshow,8.1/10,90%,"['Comedy', 'LGBTQ', 'Crime', 'Drama']",Rated: 18+ (TV-MA),2013 - 2019,7 Seasons,Series Ended,['Netflix'],"['Prison', 'Based On True Story']",['America'],"A crime she committed in her youthful past sends Piper Chapman to a women's prison, where she trades her comfortable New York life for one of unexpected camaraderie and conflict in an eccentric group of fellow inmates.Orange Is the New Black featuring Taylor Schilling and Laura Prepon has one or more episodes streaming with subscription on Netflix, available for purchase on iTunes, available for purchase on Google Play, and 3 others. It's a comedy and crime show with 92 episodes over 7 seasons. Orange Is the New Black is no longer running and has no plans to air new episodes or seasons. It has a high Rotten Tomatoes (critics) score of 90% and a high IMDb audience rating of 8.1 (272,554 votes).",All Clear
39,The End of the F***ing World,tvshow,8.1/10,93%,"['Action & Adventure', 'Comedy', 'Crime', 'Drama', 'Romance', 'Thriller']",Rated: 18+ (TV-MA),2017 - 2019,2 Seasons,Series Ended,['Netflix'],"['Dark Comedy', 'War', 'Psychology', 'Feel-good', 'Teen']",['United Kingdom'],"James is 17 and is pretty sure he is a psychopath. Alyssa, also 17, is the cool and moody new girl at school. The pair make a connection and she persuades him to embark on a darkly comedic road trip in search of her real father.The End of the F***ing World featuring Alex Lawther and Jessica Barden has one or more episodes streaming with subscription on Netflix, available for purchase on Google Play, available for purchase on Prime Video, and 2 others. It's an action & adventure and comedy show with 16 episodes over 2 seasons. The End of the F***ing World is no longer running and has no plans to air new episodes or seasons. It has a very high Rotten Tomatoes (critics) score of 93% and a high IMDb audience rating of 8.1 (131,118 votes).",All Clear
40,Arrested Development,tvshow,8.7/10,75%,['Comedy'],Rated: 14+ (TV-14),2003 - Present,5 Seasons,Returning: Date TBA,"['Netflix', 'Hulu']","['Prison', 'Mature']",['America'],"The story of a wealthy family that lost everything, and the one son who had no choice but to keep them all together.Arrested Development featuring Jason Bateman and Portia de Rossi has one or more episodes streaming with subscription on Netflix, streaming with subscription on Hulu, available for purchase on iTunes, and 3 others. It's a comedy show with 91 episodes over 5 seasons. Arrested Development is still airing with no announced date for the next episode or season. It has a better than average Rotten Tomatoes (critics) score of 75% and a high IMDb audience rating of 8.7 (268,730 votes).",All Clear
41,The Crown,tvshow,8.7/10,89%,"['Drama', 'History']",Rated: 18+ (TV-MA),2016 - Present,3 Seasons,Returning: Date TBA,['Netflix'],"['Princess', 'Royalty', 'Political']","['America', 'America', 'United Kingdom']","The gripping, decades-spanning inside story of Her Majesty Queen Elizabeth II and the Prime Ministers who shaped Britain's post-war destiny. The Crown tells the inside story of two of the most famous addresses in the world – Buckingham Palace and 10 Downing Street – and the intrigues, love lives and machinations behind the great events that shaped the second half of the 20th century. Two houses, two courts, one Crown.The Crown featuring Olivia Colman and Tobias Menzies has one or more episodes streaming with subscription on Netflix. It's a drama and history show with 30 episodes over 3 seasons. The Crown is still airing with no announced date for the next episode or season. It has a high Rotten Tomatoes (critics) score of 89% and a high IMDb audience rating of 8.7 (113,912 votes).",All Clear
42,The Vampire Diaries,tvshow,7.7/10,86%,"['Drama', 'Fantasy', 'Horror', 'Romance', 'Mystery', 'Thriller', 'Science-Fiction']",Rated: 14+ (TV-14),2009 - 2017,9 Seasons,Series Ended,"['Free Services', 'Netflix']","['Based on Books', 'Vampire', 'Supernatural', 'Adaptation', 'Teen']",['America'],"The story of two vampire brothers obsessed with the same girl, who bears a striking resemblance to the beautiful but ruthless vampire they knew and loved in 1864.The Vampire Diaries featuring Paul Wesley and Ian Somerhalder has one or more episodes streaming with subscription on Netflix, free on Guidebox, available for purchase on iTunes, and 5 others. It's a drama and fantasy show with 175 episodes over 9 seasons. The Vampire Diaries is no longer running and has no plans to air new episodes or seasons. It has a high Rotten Tomatoes (critics) score of 86% and a high IMDb audience rating of 7.7 (272,411 votes).",All Clear
43,How to Get Away with Murder,tvshow,8.1/10,88%,"['Drama', 'Thriller', 'Crime', 'Mystery']",Rated: 14+ (TV-14),2014 - 2020,6 Seasons,Series Ended,"['Free Services', 'Netflix', 'Hulu']","['College', 'Disney']",['America'],"A sexy, suspense-driven legal thriller about a group of ambitious law students and their brilliant, mysterious criminal defense professor. They become entangled in a murder plot and will shake the entire university and change the course of their lives.How to Get Away with Murder featuring Viola Davis and Billy Brown has one or more episodes streaming with subscription on Netflix, streaming with subscription on Hulu, free on ABC, and 5 others. It's a crime and drama show with 90 episodes over 6 seasons. How to Get Away with Murder is no longer running and has no plans to air new episodes or seasons. It has a high Rotten Tomatoes (critics) score of 88% and a high IMDb audience rating of 8.1 (117,484 votes).",All Clear
44,Dead to Me,tvshow,8.1/10,90%,"['Comedy', 'Drama', 'Mystery', 'Crime']",Rated: 18+ (TV-MA),2019 - Present,2 Seasons,Returning: Date TBA,['Netflix'],['Dark Comedy'],['America'],"A hotheaded widow searching for the hit-and-run driver who mowed down her husband befriends an eccentric optimist who isn't quite what she seems.Dead to Me featuring Christina Applegate and Linda Cardellini has one or more episodes streaming with subscription on Netflix. It's a comedy and crime show with 20 episodes over 2 seasons. Dead to Me is still airing with no announced date for the next episode or season. It has a high Rotten Tomatoes (critics) score of 90% and a high IMDb audience rating of 8.1 (45,381 votes).",All Clear
45,American Crime Story,tvshow,8.4/10,93%,"['Biography', 'Drama', 'Crime']",Rated: 18+ (TV-MA),2016 - Present,2 Seasons,"Returns: Sep. 28, 2020",['Netflix'],"['Police', 'Serial Killer', 'Adaptation', 'Based On True Story']",['America'],"An anthology series centered around some of history's most famous criminals.American Crime Story featuring Darren Criss and Edgar Ramírez has one or more episodes streaming with subscription on Netflix, available for purchase on iTunes, available for purchase on Google Play, and 3 others. It's a biography and crime show with 19 episodes over 2 seasons. American Crime Story has a new episode airing on September 27th, 2020 (PDT). It has a very high Rotten Tomatoes (critics) score of 93% and a high IMDb audience rating of 8.4 (75,954 votes).",All Clear
46,Sense8,tvshow,8.3/10,86%,"['Drama', 'LGBTQ', 'Mystery', 'Science-Fiction', 'Thriller', 'Fantasy']",Rated: 18+ (TV-MA),2015 - 2018,2 Seasons,Series Ended,['Netflix'],"['Space', 'Supernatural', 'Mature']",['America'],"One gunshot, one death, one moment out of time that irrevocably links eight minds in disparate parts of the world, putting them in each other's lives, each other's secrets, and in terrible danger. Ordinary people suddenly reborn as ""Sensates.""Sense8 featuring Miguel Ángel Silvestre and Max Riemelt has one or more episodes streaming with subscription on Netflix. It's a drama and fantasy show with 24 episodes over 2 seasons. Sense8 is no longer running and has no plans to air new episodes or seasons. It has a high Rotten Tomatoes (critics) score of 86% and a high IMDb audience rating of 8.3 (133,294 votes).",All Clear
47,Sacred Games,tvshow,8.7/10,92%,"['Drama', 'Action & Adventure', 'Crime', 'Thriller']",Rated: 18+ (TV-MA),2018 - Present,2 Seasons,Returning: Date TBA,['Netflix'],"['Police', 'Gangster']",['India'],"A link in their pasts leads an honest cop to a fugitive gang boss, whose cryptic warning spurs the officer on a quest to save Mumbai from cataclysm.Sacred Games featuring Pankaj Tripathi and Saif Ali Khan has one or more episodes streaming with subscription on Netflix. It's an action & adventure and crime show with 16 episodes over 2 seasons. Sacred Games is still airing with no announced date for the next episode or season. It has a very high Rotten Tomatoes (critics) score of 92% and a high IMDb audience rating of 8.7 (67,937 votes).",All Clear
48,Penny Dreadful,tvshow,8.2/10,91%,"['Horror', 'Thriller', 'Drama', 'Fantasy']",Rated: 18+ (TV-MA),2014 - 2016,3 Seasons,Series Ended,"['Netflix', 'Showtime', 'fuboTV']","['Monster', 'Vampire', 'Doctor', 'Supernatural', 'Religion']",['America'],"Some of literature's most terrifying characters, including Dr. Frankenstein, Dorian Gray, and iconic figures from the novel Dracula are lurking in the darkest corners of Victorian London. Penny Dreadful is a frightening psychological thriller that weaves together these classic horror origin stories into a new adult drama.Penny Dreadful featuring Eva Green and Josh Hartnett has one or more episodes streaming with subscription on Netflix, streaming on Showtime, streaming with subscription on fuboTV, and 5 others. It's a drama and fantasy show with 27 episodes over 3 seasons. Penny Dreadful is no longer running and has no plans to air new episodes or seasons. It has a very high Rotten Tomatoes (critics) score of 91% and a high IMDb audience rating of 8.2 (108,229 votes).",All Clear
49,BoJack Horseman,tvshow,8.7/10,93%,"['Animation', 'Comedy', 'Drama']",Rated: 18+ (TV-MA),2014 - 2020,6 Seasons,Series Ended,['Netflix'],"['Space', 'Drug', 'Psychology', 'Genius', 'Animal', 'Mature']",['America'],"Meet the most beloved sitcom horse of the 90s - 20 years later. BoJack Horseman was the star of the hit TV show ""Horsin' Around,"" but today he's washed up, living in Hollywood, complaining about everything, and wearing colorful sweaters.BoJack Horseman featuring Will Arnett and Aaron Paul has one or more episodes streaming with subscription on Netflix. It's an animation and comedy show with 77 episodes over 6 seasons. BoJack Horseman is no longer running and has no plans to air new episodes or seasons. It has a very high Rotten Tomatoes (critics) score of 93% and a high IMDb audience rating of 8.7 (98,844 votes).",All Clear
50,After Life,tvshow,8.5/10,70%,"['Comedy', 'Drama']",Rated: 18+ (TV-MA),2019 - Present,2 Seasons,Returning: Date TBA,['Netflix'],['Dark Comedy'],['United Kingdom'],"Tony had a perfect life. But after his wife Lisa suddenly dies, Tony changes. After contemplating taking his own life, he decides instead to live long enough to punish the world by saying and doing whatever he likes from now on.After Life featuring Ricky Gervais and Kerry Godliman has one or more episodes streaming with subscription on Netflix. It's a comedy and drama show with 12 episodes over 2 seasons. After Life is still airing with no announced date for the next episode or season. It has a better than average Rotten Tomatoes (critics) score of 70% and a high IMDb audience rating of 8.5 (73,668 votes).",All Clear
51,Arrow,tvshow,7.6/10,85%,"['Drama', 'Action & Adventure', 'Fantasy', 'Crime', 'Mystery', 'Science-Fiction']",Rated: 14+ (TV-14),2012 - 2020,8 Seasons,Series Ended,"['Free Services', 'Netflix']","['Supernatural', 'Superhero', 'Comic Book', 'Serial Killer', 'Adaptation']",['America'],"Spoiled billionaire playboy Oliver Queen is missing and presumed dead when his yacht is lost at sea. He returns five years later a changed man, determined to clean up the city as a hooded vigilante armed with a bow.Arrow featuring Stephen Amell and David Ramsey has one or more episodes streaming with subscription on Netflix, free on The CW, available for purchase on iTunes, and 4 others. It's an action & adventure and crime show with 171 episodes over 8 seasons. Arrow is no longer running and has no plans to air new episodes or seasons. It has a high Rotten Tomatoes (critics) score of 85% and a high IMDb audience rating of 7.6 (400,212 votes).",All Clear
52,Sex Education,tvshow,8.3/10,94%,"['Comedy', 'Drama']",Rated: 14+ (TV-14),2019 - Present,2 Seasons,Returning: Date TBA,['Netflix'],"['Mature', 'Feel-good', 'Teen']",['United Kingdom'],"Inexperienced Otis channels his sex therapist mom when he teams up with rebellious Maeve to set up an underground sex therapy clinic at school.Sex Education featuring Asa Butterfield and Gillian Anderson has one or more episodes streaming with subscription on Netflix. It's a comedy and drama show with 16 episodes over 2 seasons. Sex Education is still airing with no announced date for the next episode or season. It has a very high Rotten Tomatoes (critics) score of 94% and a high IMDb audience rating of 8.3 (136,052 votes).",All Clear
53,Star Trek: The Next Generation,tvshow,8.6/10,89%,"['Action & Adventure', 'Drama', 'Science-Fiction', 'Mystery', 'Fantasy']",Rated: 7+ (TV-PG),1987 - 1994,7 Seasons,Series Ended,"['Netflix', 'Prime Video', 'Hulu', 'Netflix', 'Prime Video', 'Hulu', 'CBS All Access']","['Alien', 'Space']",['America'],"Follow the intergalactic adventures of Capt. Jean-Luc Picard and his loyal crew aboard the all-new USS Enterprise NCC-1701D, as they explore new worlds.Star Trek: The Next Generation featuring Patrick Stewart and Jonathan Frakes has one or more episodes streaming with subscription on Netflix, streaming with subscription on Prime Video, streaming with subscription on Hulu, and 6 others. It's an action & adventure and drama show with 181 episodes over 7 seasons. Star Trek: The Next Generation is no longer running and has no plans to air new episodes or seasons. It has a high Rotten Tomatoes (critics) score of 89% and a high IMDb audience rating of 8.6 (95,259 votes).",All Clear
54,Broadchurch,tvshow,8.4/10,92%,"['Crime', 'Drama', 'Mystery', 'Thriller']",Rated: 18+ (TV-MA),2013 - 2017,3 Seasons,Series Ended,['Netflix'],"['Police', 'Serial Killer', 'Religion']",['United Kingdom'],"The murder of a young boy in a small coastal town brings a media frenzy, which threatens to tear the community apart.Broadchurch featuring David Tennant and Olivia Colman has one or more episodes streaming with subscription on Netflix, available for purchase on iTunes, available for purchase on Google Play, and 3 others. It's a crime and drama show with 24 episodes over 3 seasons. Broadchurch is no longer running and has no plans to air new episodes or seasons. It has a very high Rotten Tomatoes (critics) score of 92% and a high IMDb audience rating of 8.4 (85,769 votes).",All Clear
55,The IT Crowd,tvshow,8.5/10,87%,['Comedy'],Rated: 14+ (TV-14),2006 - 2010,5 Seasons,Series Ended,"['Free Services', 'Netflix']","['Technology', 'Science']",['United Kingdom'],"UK Comedy series about two I.T. nerds and their clueless female manager, who work in the basement of a very successful company. When they are called on for help, they are never treated with any respect at all.The IT Crowd featuring Chris O'Dowd and Richard Ayoade has one or more episodes streaming with subscription on Netflix, free on Tubi, available for purchase on iTunes, and 3 others. It's a comedy show with 25 episodes over 5 seasons. The IT Crowd is no longer running and has no plans to air new episodes or seasons. It has a high Rotten Tomatoes (critics) score of 87% and a high IMDb audience rating of 8.5 (127,721 votes).",All Clear
56,Unbelievable,tvshow,,,,,,,,,,,"A teenager is charged with lying about her rape allegation, but two determined investigative female detectives discover a far more sinister truth.Unbelievable featuring Toni Collette and Merritt Wever has one or more episodes streaming with subscription on Netflix. It's a crime and drama show with 8 episodes over 1 season. Unbelievable is no longer running and has no plans to air new episodes or seasons. It has a very high Rotten Tomatoes (critics) score of 97% and a high IMDb audience rating of 8.4 (59,562 votes).","['8.4/10', '97%', 'Crime\xa0Drama\xa0', 'Rated: 18+ (TV-MA)', '2019 - 2019', '1 Season', 'Series Ended', 'On: Netflix\xa0']"
57,The Twilight Zone,tvshow,9/10,82%,"['Fantasy', 'Science-Fiction', 'Drama', 'Horror', 'Mystery', 'Thriller']",Rated: 7+ (TV-PG),1959 - 1964,5 Seasons,Series Ended,"['Netflix', 'Hulu', 'CBS All Access']","['Escape', 'Space', 'Time Travel', 'Suspense']",['America'],"A series of unrelated stories containing drama, psychological thriller, fantasy, science fiction, suspense, and/or horror, often concluding with a macabre or unexpected twist.The Twilight Zone featuring Rod Serling has one or more episodes streaming with subscription on Netflix, streaming with subscription on Hulu, streaming on CBS All Access, and 5 others. It's a drama and fantasy show with 157 episodes over 5 seasons. The Twilight Zone is no longer running and has no plans to air new episodes or seasons. It has a high Rotten Tomatoes (critics) score of 82% and a high IMDb audience rating of 9.0 (67,511 votes).",All Clear
58,The Good Wife,tvshow,8.3/10,94%,"['Crime', 'Drama', 'Mystery']",Rated: 14+ (TV-14),2009 - 2016,7 Seasons,Series Ended,"['Netflix', 'Prime Video', 'CBS All Access']",['Political'],['America'],"Alicia Florrick boldly assumes full responsibility for her family and re-enters the workforce after her husband's very public sex and political corruption scandal lands him in jail.The Good Wife featuring Julianna Margulies and Matt Czuchry has one or more episodes streaming with subscription on Netflix, streaming with subscription on Prime Video, streaming on CBS All Access, and 5 others. It's a crime and drama show with 158 episodes over 7 seasons. The Good Wife is no longer running and has no plans to air new episodes or seasons. It has a very high Rotten Tomatoes (critics) score of 94% and a high IMDb audience rating of 8.3 (66,292 votes).",All Clear
59,Elite,tvshow,,,,,,,,,,,"When three working class kids enroll in the most exclusive school in Spain, the clash between the wealthy and the poor students leads to tragedy.Elite featuring Itzan Escamilla and Mina El Hammani has one or more episodes streaming with subscription on Netflix. It's a crime and drama show with 24 episodes over 3 seasons. Elite is still airing with no announced date for the next episode or season. It has a very high Rotten Tomatoes (critics) score of 97% and a high IMDb audience rating of 7.6 (39,387 votes).","['7.6/10', '97%', 'Crime\xa0Drama\xa0...More GenresCrimeDramaThrillerMystery', 'Rated: 18+ (TV-MA)', '2018 - Present', '3 Seasons', 'Returning: Date TBA', 'On: Netflix\xa0']"
60,The Sinner,tvshow,8/10,95%,"['Drama', 'Crime', 'Thriller', 'Mystery']",Rated: 14+ (TV-14),2017 - Present,3 Seasons,Returning: Date TBA,"['Netflix', 'USA', 'fuboTV']","['Based on Books', 'Drug', 'Religion', 'Adaptation']",['America'],"A young mother kills a stranger in a fit of unexplainable rage. An inquisitive detective obsesses over the case, attempting to get to the bottom of the true motive behind the act.The Sinner featuring Bill Pullman and Matt Bomer has one or more episodes streaming with subscription on Netflix, streaming via tv everywhere with USA (Via Cable/Satellite Provider), streaming with subscription on fuboTV, and 5 others. It's a crime and drama show with 24 episodes over 3 seasons. The Sinner is still airing with no announced date for the next episode or season. It has a very high Rotten Tomatoes (critics) score of 95% and a high IMDb audience rating of 8.0 (75,250 votes).",All Clear
61,YOU,tvshow,7.8/10,91%,"['Crime', 'Drama', 'Romance', 'Thriller']",Rated: 18+ (TV-MA),2018 - Present,2 Seasons,Returning: Date TBA,['Netflix'],"['Based on Books', 'Adaptation']",['America'],"When a brilliant bookstore manager crosses paths with an aspiring writer, he uses the internet and social media to gather the most intimate of details and get close to her. A charming and awkward crush quickly becomes obsession as he quietly and strategically removes every obstacle - and person - in his way.YOU featuring Penn Badgley and Victoria Pedretti has one or more episodes streaming with subscription on Netflix, available for purchase on Google Play, available for purchase on Prime Video, and 2 others. It's a crime and drama show with 20 episodes over 2 seasons. YOU is still airing with no announced date for the next episode or season. It has a very high Rotten Tomatoes (critics) score of 91% and a high IMDb audience rating of 7.8 (125,505 votes).",All Clear
62,Altered Carbon,tvshow,8.1/10,64%,"['Mystery', 'Science-Fiction', 'Action & Adventure', 'Drama', 'Thriller', 'Fantasy']",Rated: 18+ (TV-MA),2018 - Present,2 Seasons,Returning: Date TBA,['Netflix'],"['Dystopia', 'War', 'Space', 'Technology', 'Suspense', 'Science', 'Fighting', 'Futuristic']",['America'],"After 250 years on ice, a prisoner returns to life in a new body with one chance to win his freedom: by solving a mind-bending murder.Altered Carbon featuring Ato Essandoh and Chris Conner has one or more episodes streaming with subscription on Netflix. It's an action & adventure and drama show with 18 episodes over 2 seasons. Altered Carbon is still airing with no announced date for the next episode or season. It has a better than average Rotten Tomatoes (critics) score of 64% and a high IMDb audience rating of 8.1 (133,670 votes).",All Clear
63,Marvel's Jessica Jones,tvshow,8/10,83%,"['Action & Adventure', 'Crime', 'Drama', 'Science-Fiction', 'Thriller', 'Fantasy']",Rated: 18+ (TV-MA),2015 - 2019,3 Seasons,Series Ended,['Netflix'],"['Supernatural', 'Superhero', 'Comic Book', 'Psychology', 'Disney', 'Adaptation']",['America'],"After a tragic ending to her short-lived super hero stint, Jessica Jones is rebuilding her personal life and career as a detective who gets pulled into cases involving people with extraordinary abilities in New York City.Marvel's Jessica Jones featuring Krysten Ritter and Rachael Taylor has one or more episodes streaming with subscription on Netflix, available for purchase on iTunes, available for purchase on Google Play, and 3 others. It's an action & adventure and crime show with 39 episodes over 3 seasons. Marvel's Jessica Jones is no longer running and has no plans to air new episodes or seasons. It has a high Rotten Tomatoes (critics) score of 83% and a high IMDb audience rating of 8.0 (187,373 votes).",All Clear
64,"Love, Death & Robots",tvshow,8.5/10,78%,"['Animation', 'Science-Fiction', 'Comedy', 'Fantasy', 'Horror']",Rated: 18+ (TV-MA),2019 - Present,1 Season,Returning: Date TBA,['Netflix'],"['Robot', 'Science', 'Mature']",['America'],"Terrifying creatures, wicked surprises and dark comedy converge in this NSFW anthology of animated stories presented by Tim Miller and David Fincher.Love, Death & Robots has one or more episodes streaming with subscription on Netflix. It's an animation and comedy show with 18 episodes over 1 season. Love, Death & Robots is still airing with no announced date for the next episode or season. It has a high Rotten Tomatoes (critics) score of 78% and a high IMDb audience rating of 8.5 (85,324 votes).",All Clear
65,The Umbrella Academy,tvshow,7.9/10,77%,"['Action & Adventure', 'LGBTQ', 'Comedy', 'Drama', 'Fantasy', 'Science-Fiction', 'Mystery']",Rated: 14+ (TV-14),2019 - Present,1 Season,Returning: Date TBA,['Netflix'],"['Time Travel', 'Supernatural', 'Superhero']",['America'],"A dysfunctional family of superheroes comes together to solve the mystery of their father's death, the threat of the apocalypse and more.The Umbrella Academy featuring Aidan Gallagher and Ellen Page has one or more episodes streaming with subscription on Netflix. It's an action & adventure and comedy show with 10 episodes over 1 season. The Umbrella Academy is still airing with no announced date for the next episode or season. It has a high Rotten Tomatoes (critics) score of 77% and a high IMDb audience rating of 7.9 (101,350 votes).",All Clear
66,Marvel's The Punisher,tvshow,8.5/10,63%,"['Action & Adventure', 'Crime', 'Drama', 'Science-Fiction', 'Thriller']",Rated: 18+ (TV-MA),2017 - 2019,2 Seasons,Series Ended,['Netflix'],"['Supernatural', 'Superhero', 'Comic Book', 'Disney', 'Adaptation']",['America'],"A former Marine out to punish the criminals responsible for his family's murder finds himself ensnared in a military conspiracy.Marvel's The Punisher featuring Jon Bernthal and Ben Barnes has one or more episodes streaming with subscription on Netflix, available for purchase on Google Play, available for purchase on Prime Video, and 2 others. It's an action & adventure and crime show with 26 episodes over 2 seasons. Marvel's The Punisher is no longer running and has no plans to air new episodes or seasons. It has an average Rotten Tomatoes (critics) score of 63% and a high IMDb audience rating of 8.5 (171,870 votes).",All Clear
67,Bodyguard,tvshow,8.1/10,93%,"['Thriller', 'Crime', 'Drama', 'Action & Adventure']",Rated: 18+ (TV-MA),2018 - 2018,1 Season,Series Ended,['Netflix'],"['Military', 'Police', 'Suspense', 'Political']",['United Kingdom'],"A troubled war veteran is assigned to protect a controversial politician who may be the target of a terror plot.Bodyguard featuring Richard Madden and Keeley Hawes has one or more episodes streaming with subscription on Netflix. It's an action & adventure and crime show with 6 episodes over 1 season. Bodyguard is no longer running and has no plans to air new episodes or seasons. It has a very high Rotten Tomatoes (critics) score of 93% and a high IMDb audience rating of 8.1 (84,848 votes).",All Clear
68,New Girl,tvshow,7.7/10,94%,['Comedy'],Rated: 14+ (TV-14),2011 - 2018,7 Seasons,Series Ended,"['Netflix', 'TBS']",['Friendship'],['America'],"Jessica Day is an offbeat and adorable girl in her late 20s who, after a bad breakup, moves in with three single guys. Goofy, positive, vulnerable and honest to a fault, Jess has faith in people, even when she shouldn't. Although she's dorky and awkward, she's comfortable in her own skin. More prone to friendships with women, she's not used to hanging with the boys—especially at home.New Girl featuring Zooey Deschanel and Jake Johnson has one or more episodes streaming with subscription on Netflix, streaming via tv everywhere with TBS, available for purchase on iTunes, and 4 others. It's a comedy show with 146 episodes over 7 seasons. New Girl is no longer running and has no plans to air new episodes or seasons. It has a very high Rotten Tomatoes (critics) score of 94% and a high IMDb audience rating of 7.7 (178,883 votes).",All Clear
69,Death Note,tvshow,,,,,,,,,,,"Light Yagami is an ace student with great prospects—and he’s bored out of his mind. But all that changes when he finds the Death Note, a notebook dropped by a rogue Shinigami death god. Any human whose name is written in the notebook dies, and Light has vowed to use the power of the Death Note to rid the world of evil. But will Light succeed in his noble goal, or will the Death Note turn him into the very thing he fights against?Death Note featuring Mamoru Miyano and Kappei Yamaguchi has one or more episodes streaming with subscription on Netflix, streaming with subscription on HBO MAX, streaming with subscription on Hulu, and 7 others. It's an animation and anime show with 37 episodes over 1 season. Death Note is no longer running and has no plans to air new episodes or seasons. It has a high IMDb audience rating of 9.0 (213,045 votes).","['9/10', 'Animation\xa0Anime\xa0...More GenresAnimationAnimeCrimeFantasyDramaMysteryThriller', 'Rated: 18+ (TV-MA)', '2006 - 2007', '1 Season', 'Series Ended', 'On: Free Services\xa0Netflix\xa0HBO MAX\xa0...More ServicesFree ServicesNetflixHBO MAXHulu', 'Tags:\xa0Police\xa0Time Travel\xa0Suspense\xa0...More TagsPoliceTime TravelSuspenseSupernaturalSerial KillerAdaptation', 'Country:\xa0Japan']"
70,Once Upon a Time,tvshow,7.7/10,80%,"['Drama', 'Fantasy', 'Action & Adventure', 'Romance', 'Science-Fiction']",Rated: 7+ (TV-PG),2011 - 2018,7 Seasons,Series Ended,['Netflix'],"['Magic', 'Supernatural', 'Psychology', 'Disney', 'Adaptation']",['America'],"There is a town in Maine where every story book character you've ever known is trapped between two worlds, victims of a powerful curse. Only one knows the truth and only one can break the spell. Emma Swan is a 28-year-old bail bonds collector who has been supporting herself since she was abandoned as a baby. Things change for her when her son Henry, whom she abandoned years ago, finds her and asks for her help explaining that she is from a different world where she is Snow White's missing daughter.Once Upon a Time featuring Lana Parrilla and Colin O'Donoghue has one or more episodes streaming with subscription on Netflix, available for purchase on iTunes, available for purchase on Google Play, and 3 others. It's an action & adventure and drama show with 156 episodes over 7 seasons. Once Upon a Time is no longer running and has no plans to air new episodes or seasons. It has a high Rotten Tomatoes (critics) score of 80% and a high IMDb audience rating of 7.7 (203,347 votes).",All Clear
71,Master of None,tvshow,8.3/10,100%,"['Comedy', 'Drama', 'Romance']",Rated: 18+ (TV-MA),2015 - 2017,2 Seasons,Series Ended,['Netflix'],['New York'],['America'],"30-year-old New York actor Dev takes on such pillars of maturity as the first big job, a serious relationship, and busting sex offenders on the subway.Master of None featuring Aziz Ansari and Eric Wareheim has one or more episodes streaming with subscription on Netflix. It's a comedy and drama show with 20 episodes over 2 seasons. Master of None is no longer running and has no plans to air new episodes or seasons. It has a very high Rotten Tomatoes (critics) score of 100% and a high IMDb audience rating of 8.3 (62,742 votes).",All Clear
72,The West Wing,tvshow,8.8/10,75%,['Drama'],Rated: 14+ (TV-14),1999 - 2006,7 Seasons,Series Ended,['Netflix'],"['Spy', 'Political']",['America'],"The West Wing provides a glimpse into presidential politics in the nation's capital as it tells the stories of the members of a fictional presidential administration. These interesting characters have humor and dedication that touches the heart while the politics that they discuss touch on everyday life.The West Wing featuring Martin Sheen and Allison Janney has one or more episodes streaming with subscription on Netflix, available for purchase on iTunes, available for purchase on Google Play, and 3 others. It's a drama show with 155 episodes over 7 seasons. The West Wing is no longer running and has no plans to air new episodes or seasons. It has a better than average Rotten Tomatoes (critics) score of 75% and a high IMDb audience rating of 8.8 (59,870 votes).",All Clear
73,Kingdom,tvshow,8.4/10,96%,"['Action & Adventure', 'Drama', 'Horror', 'Thriller', 'Mystery', 'Science-Fiction', 'Fantasy', 'History']",Rated: 18+ (TV-MA),2019 - Present,2 Seasons,Returning: Date TBA,['Netflix'],"['Suspense', 'Doctor', 'Zombie', 'Medieval']",['South Korea'],"In this zombie thriller set in Korea's medieval Joseon dynasty, a crown prince is sent on a suicide mission to investigate a mysterious outbreak.Kingdom featuring Ju Ji-hoon and Ryu Seung-ryong has one or more episodes streaming with subscription on Netflix. It's an action & adventure and drama show with 12 episodes over 2 seasons. Kingdom is still airing with no announced date for the next episode or season. It has a very high Rotten Tomatoes (critics) score of 96% and a high IMDb audience rating of 8.4 (24,138 votes).",All Clear
74,Schitt's Creek,tvshow,,,,,,,,,,,"Formerly filthy rich video store magnate Johnny Rose, his soap star wife Moira, and their two kids, über-hipster son David and socialite daughter Alexis, suddenly find themselves broke and forced to live in Schitt's Creek, a small depressing town they once bought as a joke.Schitt's Creek featuring Eugene Levy and Catherine O'Hara has one or more episodes streaming with subscription on Netflix, streaming with subscription on Prime Video, free on CW Seed, and 6 others. It's a comedy show with 82 episodes over 6 seasons. Schitt's Creek is no longer running and has no plans to air new episodes or seasons. It has an average Rotten Tomatoes (critics) score of 50% and a high IMDb audience rating of 8.4 (36,079 votes).","['8.4/10', '50%', 'Comedy\xa0', 'Rated: 14+ (TV-14)', '2015 - 2020', '6 Seasons', 'Series Ended', 'On: Free Services\xa0Netflix\xa0Prime Video\xa0...More ServicesFree ServicesNetflixPrime VideofuboTV']"
75,Making a Murderer,tvshow,8.6/10,84%,"['Documentary', 'Crime']",Rated: 14+ (TV-14),2015 - 2018,2 Seasons,Series Ended,['Netflix'],"['Prison', 'Revenge', 'Teen', 'Political']",['America'],"Filmed over 10 years, this real-life thriller follows a DNA exoneree who, while exposing police corruption, becomes a suspect in a grisly new crime.Making a Murderer featuring Kathleen Zellner and Steven Avery has one or more episodes streaming with subscription on Netflix. It's a crime and documentary show with 20 episodes over 2 seasons. Making a Murderer is no longer running and has no plans to air new episodes or seasons. It has a high Rotten Tomatoes (critics) score of 84% and a high IMDb audience rating of 8.6 (83,513 votes).",All Clear
76,Bates Motel,tvshow,8.2/10,93%,"['Crime', 'Drama', 'Horror', 'Mystery', 'Thriller']",Rated: 18+ (TV-MA),2013 - 2017,5 Seasons,Series Ended,['Netflix'],['Serial Killer'],['America'],"A ""contemporary prequel"" to the 1960 film Psycho, depicting the life of Norman Bates and his mother Norma prior to the events portrayed in Hitchcock's film, albeit in a different fictional town and in a modern setting. The series begins after the death of Norma's husband, when she purchases a motel located in a coastal Oregon town so she and Norman can start a new life.Bates Motel featuring Vera Farmiga and Freddie Highmore has one or more episodes streaming with subscription on Netflix, available for purchase on iTunes, available for purchase on Google Play, and 3 others. It's a crime and drama show with 50 episodes over 5 seasons. Bates Motel is no longer running and has no plans to air new episodes or seasons. It has a very high Rotten Tomatoes (critics) score of 93% and a high IMDb audience rating of 8.2 (93,678 votes).",All Clear
77,Ash vs Evil Dead,tvshow,8.4/10,99%,"['Comedy', 'Horror', 'Action & Adventure', 'Fantasy', 'Thriller']",Rated: 18+ (TV-MA),2015 - 2018,3 Seasons,Series Ended,"['Netflix', 'Starz']","['Supernatural', 'Zombie', 'Ghost']",['America'],"Bruce Campbell reprises his role as Ash Williams, an aging lothario and chainsaw-handed monster hunter who’s spent the last three decades avoiding maturity, and the terrors of the Evil Dead. But when a Deadite plague threatens to destroy all of mankind, he’s forced to face his demons — both metaphorical and literal.Ash vs Evil Dead featuring Bruce Campbell and Lucy Lawless has one or more episodes streaming with subscription on Netflix, streaming on Starz, available for purchase on iTunes, and 5 others. It's an action & adventure and comedy show with 32 episodes over 3 seasons. Ash vs Evil Dead is no longer running and has no plans to air new episodes or seasons. It has a very high Rotten Tomatoes (critics) score of 99% and a high IMDb audience rating of 8.4 (62,220 votes).",All Clear
78,Gomorrah,tvshow,8.7/10,94%,"['Drama', 'Crime', 'Thriller']",Rated: 18+ (TV-MA),2014 - Present,4 Seasons,Returning: Date TBA,['Netflix'],"['Drug', 'Gangster']",['Italy'],"Based on Robert Saviano's bestselling book, this gritty Italian crime drama paints a portrait of the brutal Neapolitan crime organisation the Camorra, as seen through the eyes of Ciro Di Marzo, the obedient and self- confident right-hand man of the clan's godfather, Pietro Savastano.Gomorrah featuring Fortunato Cerlino and Salvatore Esposito has one or more episodes available for purchase on iTunes, available for purchase on Google Play, available for purchase on Prime Video, and 1 other. It's a crime and drama show with 48 episodes over 4 seasons. Gomorrah is still airing with no announced date for the next episode or season. It has a very high Rotten Tomatoes (critics) score of 94% and a high IMDb audience rating of 8.7 (26,827 votes).",All Clear
79,American Horror Story,tvshow,,,,,,,,,,,"An anthology horror drama series centering on different characters and locations, including a house with a murderous past, an asylum, a witch coven, a freak show, a hotel, a farmhouse in Roanoke and a cult.American Horror Story featuring Berko Maya Rose and Emma Roberts has one or more episodes streaming with subscription on Netflix, streaming with subscription on Prime Video, streaming with subscription on Hulu, and 5 others. It's a drama and fantasy show with 104 episodes over 9 seasons. American Horror Story is still airing with no announced date for the next episode or season. It has a high IMDb audience rating of 8.0 (266,498 votes).","['8/10', 'Drama\xa0Horror\xa0...More GenresDramaHorrorThrillerFantasyMysteryScience-Fiction', 'Rated: 18+ (TV-MA)', '2011 - Present', '9 Seasons', 'Returning: Date TBA', 'On: Netflix\xa0Prime Video\xa0Hulu\xa0', 'Tags:\xa0Time Travel\xa0Vampire\xa0Doctor\xa0...More TagsTime TravelVampireDoctorSupernaturalGhostSerial KillerReligion', 'Country:\xa0America']"
80,Atypical,tvshow,8.3/10,87%,"['Comedy', 'Drama', 'Romance']",Rated: 18+ (TV-MA),2017 - Present,3 Seasons,Returning: Date TBA,['Netflix'],"['Coming of Age', 'High School', 'Doctor', 'Teen']",['America'],"Sam, an 18-year-old on the autism spectrum, takes a funny, yet painful, journey of self-discovery for love and independence and upends his family.Atypical featuring Keir Gilchrist and Jennifer Jason Leigh has one or more episodes streaming with subscription on Netflix. It's a comedy and drama show with 28 episodes over 3 seasons. Atypical is still airing with no announced date for the next episode or season. It has a high Rotten Tomatoes (critics) score of 87% and a high IMDb audience rating of 8.3 (53,230 votes).",All Clear
81,13 Reasons Why,tvshow,7.7/10,31%,"['Drama', 'Mystery', 'Thriller']",Rated: 18+ (TV-MA),2017 - 2020,4 Seasons,Series Ended,['Netflix'],"['High School', 'Based on Books', 'Music', 'Adaptation', 'Teen']",['America'],"After a teenage girl's perplexing suicide, a classmate receives a series of tapes that unravel the mystery of her tragic choice.13 Reasons Why featuring Dylan Minnette and Grace Saif has one or more episodes streaming with subscription on Netflix, available for purchase on Google Play, available for purchase on Prime Video, and 2 others. It's a drama and mystery show with 49 episodes over 4 seasons. 13 Reasons Why is no longer running and has no plans to air new episodes or seasons. It has a low Rotten Tomatoes (critics) score of 31% and a high IMDb audience rating of 7.7 (242,295 votes).",All Clear
82,Gotham,tvshow,7.8/10,77%,"['Drama', 'Action & Adventure', 'Crime', 'Thriller', 'Fantasy', 'Science-Fiction']",Rated: 14+ (TV-14),2014 - 2019,5 Seasons,Series Ended,"['Netflix', 'FOX']","['Doctor', 'Supernatural', 'Superhero', 'Comic Book', 'Serial Killer', 'Adaptation']",['America'],"Everyone knows the name Commissioner Gordon. He is one of the crime world's greatest foes, a man whose reputation is synonymous with law and order. But what is known of Gordon's story and his rise from rookie detective to Police Commissioner? What did it take to navigate the multiple layers of corruption that secretly ruled Gotham City, the spawning ground of the world's most iconic villains? And what circumstances created them – the larger-than-life personas who would become Catwoman, The Penguin, The Riddler, Two-Face and The Joker?Gotham featuring Ben McKenzie and Donal Logue has one or more episodes streaming with subscription on Netflix, streaming via tv everywhere with FOX (Via Cable/Satellite Provider), available for purchase on iTunes, and 4 others. It's an action & adventure and crime show with 101 episodes over 5 seasons. Gotham is no longer running and has no plans to air new episodes or seasons. It has a high Rotten Tomatoes (critics) score of 77% and a high IMDb audience rating of 7.8 (206,117 votes).",All Clear
83,Narcos: Mexico,tvshow,8.4/10,88%,"['Action & Adventure', 'Crime', 'Drama']",Rated: 18+ (TV-MA),2018 - Present,2 Seasons,Returning: Date TBA,['Netflix'],"['Drug', 'Gangster']",['America'],"See the rise of the Guadalajara Cartel as an American DEA agent learns the danger of targeting narcos in 1980s Mexico.Narcos: Mexico featuring Diego Luna and Scoot McNairy has one or more episodes streaming with subscription on Netflix. It's an action & adventure and crime show with 20 episodes over 2 seasons. Narcos: Mexico is still airing with no announced date for the next episode or season. It has a high Rotten Tomatoes (critics) score of 88% and a high IMDb audience rating of 8.4 (53,890 votes).",All Clear
84,Riverdale,tvshow,7/10,86%,"['Drama', 'Crime', 'Mystery', 'Romance', 'Thriller']",Rated: 14+ (TV-14),2017 - Present,4 Seasons,Returning: Date TBA,"['Free Services', 'Netflix']","['High School', 'Comic Book', 'Adaptation', 'Teen']",['America'],"Set in the present, the series offers a bold, subversive take on Archie, Betty, Veronica and their friends, exploring the surreality of small-town life, the darkness and weirdness bubbling beneath Riverdale’s wholesome facade.Riverdale featuring K.J. Apa and Camila Mendes has one or more episodes streaming with subscription on Netflix, free on The CW, available for purchase on iTunes, and 4 others. It's a crime and drama show with 76 episodes over 4 seasons. Riverdale is still airing with no announced date for the next episode or season. It has a high Rotten Tomatoes (critics) score of 86% and a better than average IMDb audience rating of 7.0 (108,183 votes).",All Clear
85,Russian Doll,tvshow,7.9/10,96%,"['Comedy', 'Drama', 'Mystery', 'Fantasy']",Rated: 18+ (TV-MA),2019 - Present,1 Season,Returning: Date TBA,['Netflix'],['Time Travel'],['America'],"Nadia keeps dying and reliving her 36th birthday party. She's trapped in a surreal time loop -- and staring down the barrel of her own mortality.Russian Doll featuring Natasha Lyonne and Greta Lee has one or more episodes streaming with subscription on Netflix. It's a comedy and drama show with 8 episodes over 1 season. Russian Doll is still airing with no announced date for the next episode or season. It has a very high Rotten Tomatoes (critics) score of 96% and a high IMDb audience rating of 7.9 (59,562 votes).",All Clear
86,Big Mouth,tvshow,8/10,100%,"['Animation', 'Comedy', 'Romance']",Rated: 18+ (TV-MA),2017 - Present,4 Seasons,Returning: Date TBA,['Netflix'],"['Doctor', 'Mature', 'Teen']",['America'],"Teenage friends find their lives upended by the wonders and horrors of puberty in this edgy comedy from real-life pals Nick Kroll and Andrew Goldberg.Big Mouth featuring Nick Kroll and John Mulaney has one or more episodes streaming with subscription on Netflix. It's an animation and comedy show with 32 episodes over 4 seasons. Big Mouth is still airing with no announced date for the next episode or season. It has a very high Rotten Tomatoes (critics) score of 100% and a high IMDb audience rating of 8.0 (48,730 votes).",All Clear
87,Our Planet,tvshow,9.3/10,93%,['Documentary'],Rated: 7+ (TV-PG),2019 - 2019,1 Season,Series Ended,['Netflix'],['Animal'],['United Kingdom'],"Experience our planet's natural beauty and examine how climate change impacts all living creatures in this ambitious documentary of spectacular scope.Our Planet featuring David Attenborough has one or more episodes streaming with subscription on Netflix. It's a documentary show with 8 episodes over 1 season. Our Planet is no longer running and has no plans to air new episodes or seasons. It has a very high Rotten Tomatoes (critics) score of 93% and a very high IMDb audience rating of 9.3 (26,515 votes).",All Clear
88,Resurrection: Ertugrul,tvshow,,,,,,,,,,,"Ertuğrul Bey and the Knights Templar in the 13th century Alba and step and step with the struggle against brutal Mongols depicts the process of establishing the Ottoman principality.Resurrection: Ertugrul featuring Engin Altan Düzyatan and Nurettin Sönmez has one or more episodes streaming with subscription on Netflix. It's an action & adventure and drama show with 424 episodes over 5 seasons. Resurrection: Ertugrul is still airing with no announced date for the next episode or season. It has a high IMDb audience rating of 7.8 (23,258 votes).","['7.8/10', 'Action & Adventure\xa0Drama\xa0...More GenresAction & AdventureDramaHistory', 'Rated: 14+ (TV-14)', '2014 - Present', '5 Seasons', 'Returning: Date TBA', 'On: Netflix\xa0']"
89,Criminal Minds,tvshow,,,,,,,,,,,"An elite team of FBI profilers analyze the country's most twisted criminal minds, anticipating their next moves before they strike again. The Behavioral Analysis Unit's most experienced agent is David Rossi, a founding member of the BAU who returns to help the team solve new cases.Criminal Minds featuring Matthew Gray Gubler and Kirsten Vangsness has one or more episodes streaming with subscription on Netflix, streaming on CBS All Access, free on CBS All Access, and 5 others. It's a crime and drama show with 326 episodes over 15 seasons. Criminal Minds is no longer running and has no plans to air new episodes or seasons. It has a high IMDb audience rating of 8.1 (150,766 votes).","['8.1/10', 'Crime\xa0Drama\xa0...More GenresCrimeDramaMysteryThrillerHorror', 'Rated: 14+ (TV-14)', '2005 - 2020', '15 Seasons', 'Series Ended', 'On: Free Services\xa0Netflix\xa0CBS All Access\xa0', 'Tags:\xa0Police\xa0Serial Killer\xa0Disney\xa0', 'Country:\xa0America']"
90,DC's Legends of Tomorrow,tvshow,6.8/10,87%,"['Action & Adventure', 'Science-Fiction', 'Drama', 'Fantasy']",Rated: 14+ (TV-14),2016 - Present,5 Seasons,Returning: Date TBA,"['Free Services', 'Netflix', 'fuboTV']","['Time Travel', 'Supernatural', 'Superhero', 'Comic Book', 'Adaptation']",['America'],"When heroes alone are not enough ... the world needs legends. Having seen the future, one he will desperately try to prevent from happening, time-traveling rogue Rip Hunter is tasked with assembling a disparate group of both heroes and villains to confront an unstoppable threat — one in which not only is the planet at stake, but all of time itself. Can this ragtag team defeat an immortal threat unlike anything they have ever known?DC's Legends of Tomorrow featuring Caity Lotz and Dominic Purcell has one or more episodes streaming with subscription on Netflix, free on The CW, streaming with subscription on fuboTV, and 5 others. It's an action & adventure and drama show with 82 episodes over 5 seasons. DC's Legends of Tomorrow is still airing with no announced date for the next episode or season. It has a high Rotten Tomatoes (critics) score of 87% and a better than average IMDb audience rating of 6.8 (88,599 votes).",All Clear
91,The OA,tvshow,7.9/10,84%,"['Drama', 'Fantasy', 'Mystery', 'Science-Fiction']",Rated: 14+ (TV-14),2016 - 2019,2 Seasons,Series Ended,['Netflix'],['Suspense'],['America'],"Prairie Johnson, blind as a child, comes home to the community she grew up in with her sight restored. Some hail her a miracle, others a dangerous mystery, but Prairie won’t talk with the FBI or her parents about the seven years she went missing.The OA featuring Brit Marling and Jason Isaacs has one or more episodes streaming with subscription on Netflix. It's a drama and fantasy show with 16 episodes over 2 seasons. The OA is no longer running and has no plans to air new episodes or seasons. It has a high Rotten Tomatoes (critics) score of 84% and a high IMDb audience rating of 7.9 (85,237 votes).",All Clear
92,Castlevania,tvshow,8.2/10,93%,"['Animation', 'Action & Adventure', 'Fantasy', 'Horror']",Rated: 18+ (TV-MA),2017 - Present,3 Seasons,Returning: Date TBA,['Netflix'],"['Vampire', 'Doctor', 'Magic', 'Supernatural', 'Medieval', 'Religion', 'Video Games', 'Adaptation']",['America'],"A dark medieval fantasy following the last surviving member of the disgraced Belmont clan, trying to save Eastern Europe from extinction at the hand of Vlad Dracula Tepe himself. Inspired by the classic video game series.Castlevania featuring Richard Armitage and James Callis has one or more episodes streaming with subscription on Netflix. It's an action & adventure and animation show with 22 episodes over 3 seasons. Castlevania is still airing with no announced date for the next episode or season. It has a very high Rotten Tomatoes (critics) score of 93% and a high IMDb audience rating of 8.2 (34,176 votes).",All Clear
93,Star Trek,tvshow,8.3/10,80%,"['Action & Adventure', 'Drama', 'Science-Fiction', 'Fantasy']",Rated: 7+ (TV-PG),1966 - 1969,3 Seasons,Series Ended,"['Netflix', 'Prime Video', 'Hulu', 'Netflix', 'Prime Video', 'Hulu', 'CBS All Access']","['Alien', 'Space']",['America'],"Space. The Final Frontier. The U.S.S. Enterprise embarks on a five year mission to explore the galaxy. The Enterprise is under the command of Captain James T. Kirk with First Officer Mr. Spock, from the planet Vulcan. With a determined crew, the Enterprise encounters Klingons, Romulans, time paradoxes, tribbles and genetic supermen lead by Khan Noonian Singh. Their mission is to explore strange new worlds, to seek new life and new civilizations, and to boldly go where no man has gone before.Star Trek featuring William Shatner and Leonard Nimoy has one or more episodes streaming with subscription on Netflix, streaming with subscription on Prime Video, streaming with subscription on Hulu, and 6 others. It's an action & adventure and drama show with 79 episodes over 3 seasons. Star Trek is no longer running and has no plans to air new episodes or seasons. It has a high Rotten Tomatoes (critics) score of 80% and a high IMDb audience rating of 8.3 (70,414 votes).",All Clear
94,Neon Genesis Evangelion,tvshow,8.5/10,100%,"['Action & Adventure', 'Anime', 'Drama', 'Science-Fiction', 'Animation', 'Thriller', 'Fantasy']",Rated: 14+ (TV-14),1995 - 1996,1 Season,Series Ended,['Netflix'],"['Robot', 'Technology', 'Science', 'Psychology']",['Japan'],"At the turn of the century, the Angels returned to Earth, seeking to wipe out humanity in an apocalyptic fury. Devastated, mankind's last remnants moved underground to wait for the day when the Angels would come back to finish the job. Fifteen years later, that day has come... but this time, humanity is ready to fight back with terrifying bio-mechanical weapons known as the Evangelions. Watch as Shinji, Rei, Asuka and the rest of the mysterious shadow agency Nerv battle to save earth from total annihilation.Neon Genesis Evangelion featuring Megumi Ogata and Kotono Mitsuishi has one or more episodes streaming with subscription on Netflix. It's an action & adventure and animation show with 26 episodes over 1 season. Neon Genesis Evangelion is no longer running and has no plans to air new episodes or seasons. It has a very high Rotten Tomatoes (critics) score of 100% and a high IMDb audience rating of 8.5 (45,736 votes).",All Clear
95,The Vietnam War,tvshow,9.1/10,98%,"['Documentary', 'History']",Rated: 18+ (TV-MA),2017 - 2017,1 Season,Series Ended,['Netflix'],"['War', 'Political']",['America'],"An immersive 360-degree narrative telling the epic story of the Vietnam War as it has never before been told on film. Featuring testimony from nearly 80 witnesses, including many Americans who fought in the war and others who opposed it, as well as Vietnamese combatants and civilians from both the winning and losing sides.The Vietnam War featuring Peter Coyote has one or more episodes streaming with subscription on Netflix, available for purchase on iTunes, available for purchase on Google Play, and 3 others. It's a documentary and history show with 11 episodes over 1 season. The Vietnam War is no longer running and has no plans to air new episodes or seasons. It has a very high Rotten Tomatoes (critics) score of 98% and a very high IMDb audience rating of 9.1 (18,244 votes).",All Clear
96,Gilmore Girls,tvshow,8.1/10,85%,"['Comedy', 'Drama']",Rated: 14+ (TV-14),2000 - 2007,7 Seasons,Series Ended,['Netflix'],"['High School', 'Dating', 'College', 'Teen']",['America'],"Set in the charming town of Stars Hollow, Connecticut, the series follows the captivating lives of Lorelai and Rory Gilmore, a mother/daughter pair who have a relationship most people only dream of.Gilmore Girls featuring Lauren Graham and Alexis Bledel has one or more episodes streaming with subscription on Netflix, available for purchase on iTunes, available for purchase on Google Play, and 3 others. It's a comedy and drama show with 153 episodes over 7 seasons. Gilmore Girls is no longer running and has no plans to air new episodes or seasons. It has a high Rotten Tomatoes (critics) score of 85% and a high IMDb audience rating of 8.1 (93,475 votes).",All Clear
97,Anne with an E,tvshow,8.7/10,62%,"['Drama', 'Family']",Rated: 7+ (TV-PG),2017 - 2019,3 Seasons,Series Ended,['Netflix'],"['Based on Books', 'Adaptation']",['Canada'],"A coming-of-age story about an outsider who, against all odds and numerous challenges, fights for love and acceptance and for her place in the world. The series centers on a young orphaned girl in the late 1890’s, who, after an abusive childhood spent in orphanages and the homes of strangers, is mistakenly sent to live with an elderly woman and her aging brother. Over time, 13-year-old Anne will transform their lives and eventually the small town in which they live with her unique spirit, fierce intellect and brilliant imagination.Anne with an E featuring Amybeth McNulty and Geraldine James has one or more episodes streaming with subscription on Netflix. It's a drama and family show with 27 episodes over 3 seasons. Anne with an E is no longer running and has no plans to air new episodes or seasons. It has an average Rotten Tomatoes (critics) score of 62% and a high IMDb audience rating of 8.7 (28,277 votes).",All Clear
98,Fauda,tvshow,8.2/10,100%,"['Thriller', 'Action & Adventure', 'Drama', 'Crime']",Rated: 14+ (TV-14),2015 - Present,3 Seasons,Returning: Date TBA,['Netflix'],"['Military', 'War', 'Suspense', 'Spy']",['Israel'],"A top Israeli agent comes out of retirement to hunt for a Palestinian militant he thought he'd killed, setting a chaotic chain of events into motion.Fauda featuring Lior Raz and Netta Garti has one or more episodes streaming with subscription on Netflix. It's an action & adventure and crime show with 36 episodes over 3 seasons. Fauda is still airing with no announced date for the next episode or season. It has a very high Rotten Tomatoes (critics) score of 100% and a high IMDb audience rating of 8.2 (15,487 votes).",All Clear
99,Chilling Adventures of Sabrina,tvshow,7.6/10,84%,"['Action & Adventure', 'Drama', 'Fantasy', 'Horror', 'Mystery', 'Thriller', 'Science-Fiction']",Rated: 14+ (TV-14),2018 - Present,3 Seasons,Returning: Date TBA,['Netflix'],"['High School', 'Magic', 'Supernatural', 'Comic Book', 'Adaptation', 'Teen']",['America'],"As her 16th birthday nears, Sabrina must choose between the witch world of her family and the human world of her friends. Based on the Archie comic.Chilling Adventures of Sabrina featuring Kiernan Shipka and Ross Lynch has one or more episodes streaming with subscription on Netflix. It's an action & adventure and drama show with 36 episodes over 3 seasons. Chilling Adventures of Sabrina is still airing with no announced date for the next episode or season. It has a high Rotten Tomatoes (critics) score of 84% and a high IMDb audience rating of 7.6 (66,483 votes).",All Clear
